phase,left_hip_pitch_joint,left_hip_roll_joint,left_hip_yaw_joint,left_knee_joint,left_ankle_pitch_joint,left_ankle_roll_joint,right_hip_pitch_joint,right_hip_roll_joint,right_hip_yaw_joint,right_knee_joint,right_ankle_pitch_joint,right_ankle_roll_joint,waist_yaw_joint,left_shoulder_pitch_joint,left_shoulder_roll_joint,left_shoulder_yaw_joint,left_elbow_joint,left_wrist_roll_joint,right_shoulder_pitch_joint,right_shoulder_roll_joint,right_shoulder_yaw_joint,right_elbow_joint,right_wrist_roll_joint
0.000000,0.354390,-0.062558,0.001100,0.089348,-0.071783,0.062568,-0.373302,0.022382,-0.001961,0.263411,-0.176035,-0.022468,0.000000,-0.215887,0.120000,0.000000,1.100000,0.000000,0.279343,-0.120000,0.000000,1.100000,0.000000
0.010000,0.359153,-0.059515,0.002825,0.108360,-0.060803,0.059585,-0.361882,0.026123,-0.003032,0.264232,-0.149180,-0.026300,0.000000,-0.207894,0.120000,0.000000,1.100000,0.000000,0.282678,-0.120000,0.000000,1.100000,0.000000
0.020000,0.359653,-0.056104,0.004790,0.135483,-0.050300,0.056311,-0.356226,0.028948,-0.004482,0.276146,-0.122705,-0.029294,0.000000,-0.203934,0.120000,0.000000,1.100000,0.000000,0.283027,-0.120000,0.000000,1.100000,0.000000
0.030000,0.353180,-0.052499,0.007193,0.176381,-0.040012,0.052997,-0.355954,0.030648,-0.006063,0.299774,-0.104707,-0.031244,0.000000,-0.203744,0.120000,0.000000,1.100000,0.000000,0.278496,-0.120000,0.000000,1.100000,0.000000
0.040000,0.343419,-0.048603,0.009740,0.222297,-0.024342,0.049576,-0.351208,0.031681,-0.007178,0.316869,-0.094158,-0.032484,0.000000,-0.200421,0.120000,0.000000,1.100000,0.000000,0.271664,-0.120000,0.000000,1.100000,0.000000
0.050000,0.331627,-0.044384,0.012249,0.269535,0.000007,0.046052,-0.339637,0.032494,-0.007899,0.323270,-0.084925,-0.033440,0.000000,-0.192322,0.120000,0.000000,1.100000,0.000000,0.263410,-0.120000,0.000000,1.100000,0.000000
0.060000,0.318126,-0.039659,0.014500,0.316598,0.034468,0.042240,-0.321844,0.033209,-0.008355,0.316899,-0.070512,-0.034244,0.000000,-0.179867,0.120000,0.000000,1.100000,0.000000,0.253959,-0.120000,0.000000,1.100000,0.000000
0.070000,0.302377,-0.034589,0.016414,0.365180,0.078243,0.038294,-0.300275,0.034140,-0.008625,0.301349,-0.053983,-0.035213,0.000000,-0.164768,0.120000,0.000000,1.100000,0.000000,0.242934,-0.120000,0.000000,1.100000,0.000000
0.080000,0.283632,-0.029362,0.017783,0.417186,0.128418,0.034345,-0.278147,0.035743,-0.008865,0.284092,-0.041043,-0.036825,0.000000,-0.149279,0.120000,0.000000,1.100000,0.000000,0.229813,-0.120000,0.000000,1.100000,0.000000
0.090000,0.262228,-0.024235,0.018444,0.472923,0.177742,0.030457,-0.257055,0.038090,-0.009113,0.269406,-0.034681,-0.039164,0.000000,-0.134515,0.120000,0.000000,1.100000,0.000000,0.214830,-0.120000,0.000000,1.100000,0.000000
0.100000,0.237616,-0.019534,0.018311,0.533197,0.221265,0.026789,-0.239111,0.041099,-0.009424,0.262044,-0.036703,-0.042166,0.000000,-0.121954,0.120000,0.000000,1.100000,0.000000,0.197602,-0.120000,0.000000,1.100000,0.000000
0.110000,0.210238,-0.015298,0.017603,0.596704,0.258839,0.023323,-0.224728,0.044223,-0.009772,0.262521,-0.045188,-0.045289,0.000000,-0.111886,0.120000,0.000000,1.100000,0.000000,0.178437,-0.120000,0.000000,1.100000,0.000000
0.120000,0.180032,-0.011796,0.016609,0.662754,0.291735,0.020381,-0.214262,0.047146,-0.010143,0.271325,-0.059552,-0.048224,0.000000,-0.104560,0.120000,0.000000,1.100000,0.000000,0.157293,-0.120000,0.000000,1.100000,0.000000
0.130000,0.147957,-0.008927,0.015542,0.729460,0.320474,0.017927,-0.205699,0.049765,-0.010462,0.284165,-0.077180,-0.050850,0.000000,-0.098565,0.120000,0.000000,1.100000,0.000000,0.134840,-0.120000,0.000000,1.100000,0.000000
0.140000,0.114645,-0.006796,0.014546,0.794999,0.339415,0.016060,-0.196924,0.052046,-0.010619,0.296422,-0.095311,-0.053117,0.000000,-0.092423,0.120000,0.000000,1.100000,0.000000,0.111522,-0.120000,0.000000,1.100000,0.000000
0.150000,0.081308,-0.005407,0.013866,0.856773,0.342330,0.014884,-0.186763,0.053927,-0.010583,0.305795,-0.112186,-0.054955,0.000000,-0.085310,0.120000,0.000000,1.100000,0.000000,0.088186,-0.120000,0.000000,1.100000,0.000000
0.160000,0.048969,-0.004797,0.013746,0.912310,0.322735,0.014559,-0.174505,0.055366,-0.010314,0.310798,-0.126786,-0.056317,0.000000,-0.076729,0.120000,0.000000,1.100000,0.000000,0.065549,-0.120000,0.000000,1.100000,0.000000
0.170000,0.017942,-0.004949,0.014542,0.960399,0.282399,0.015361,-0.160624,0.056274,-0.009829,0.312082,-0.139334,-0.057125,0.000000,-0.067013,0.120000,0.000000,1.100000,0.000000,0.043830,-0.120000,0.000000,1.100000,0.000000
0.180000,-0.011692,-0.005544,0.015760,1.000763,0.231795,0.016707,-0.144827,0.056738,-0.009145,0.308825,-0.149187,-0.057470,0.000000,-0.055955,0.120000,0.000000,1.100000,0.000000,0.023086,-0.120000,0.000000,1.100000,0.000000
0.190000,-0.039840,-0.006319,0.016927,1.031735,0.181897,0.018069,-0.126701,0.057092,-0.008309,0.299529,-0.155167,-0.057694,0.000000,-0.043267,0.120000,0.000000,1.100000,0.000000,0.003383,-0.120000,0.000000,1.100000,0.000000
0.200000,-0.066647,-0.006988,0.017487,1.054443,0.136132,0.018831,-0.106482,0.057551,-0.007385,0.284799,-0.157316,-0.058023,0.000000,-0.029114,0.120000,0.000000,1.100000,0.000000,-0.015383,-0.120000,0.000000,1.100000,0.000000
0.210000,-0.092191,-0.007459,0.017191,1.068109,0.093169,0.018740,-0.084588,0.058298,-0.006436,0.264992,-0.155142,-0.058652,0.000000,-0.013788,0.120000,0.000000,1.100000,0.000000,-0.033263,-0.120000,0.000000,1.100000,0.000000
0.220000,-0.116648,-0.007782,0.016455,1.075180,0.053774,0.018203,-0.063019,0.059160,-0.005534,0.245076,-0.151903,-0.059418,0.000000,0.001311,0.120000,0.000000,1.100000,0.000000,-0.050383,-0.120000,0.000000,1.100000,0.000000
0.230000,-0.139900,-0.007991,0.015494,1.075351,0.019097,0.017434,-0.043829,0.060096,-0.004795,0.229476,-0.149936,-0.060287,0.000000,0.014743,0.120000,0.000000,1.100000,0.000000,-0.066659,-0.120000,0.000000,1.100000,0.000000
0.240000,-0.162031,-0.008112,0.014451,1.069908,-0.010754,0.016572,-0.027092,0.060989,-0.004191,0.219284,-0.150753,-0.061133,0.000000,0.026460,0.120000,0.000000,1.100000,0.000000,-0.082151,-0.120000,0.000000,1.100000,0.000000
0.250000,-0.182792,-0.008163,0.013353,1.058693,-0.036846,0.015652,-0.013538,0.061986,-0.003788,0.215853,-0.154893,-0.062102,0.000000,0.035947,0.120000,0.000000,1.100000,0.000000,-0.096684,-0.120000,0.000000,1.100000,0.000000
0.260000,-0.202674,-0.007942,0.011921,1.042833,-0.060060,0.014325,-0.001142,0.063191,-0.003494,0.215022,-0.159853,-0.063288,0.000000,0.044624,0.120000,0.000000,1.100000,0.000000,-0.110601,-0.120000,0.000000,1.100000,0.000000
0.270000,-0.221425,-0.007703,0.010600,1.022204,-0.080043,0.013104,0.008405,0.064514,-0.003425,0.219446,-0.166486,-0.064605,0.000000,0.051308,0.120000,0.000000,1.100000,0.000000,-0.123727,-0.120000,0.000000,1.100000,0.000000
0.280000,-0.238880,-0.007448,0.009377,0.996472,-0.097297,0.011976,0.017670,0.065857,-0.003428,0.224529,-0.172596,-0.065946,0.000000,0.057793,0.120000,0.000000,1.100000,0.000000,-0.135945,-0.120000,0.000000,1.100000,0.000000
0.290000,-0.255176,-0.007261,0.008304,0.965903,-0.113656,0.011031,0.026473,0.067020,-0.003465,0.230140,-0.178560,-0.067108,0.000000,0.063955,0.120000,0.000000,1.100000,0.000000,-0.147353,-0.120000,0.000000,1.100000,0.000000
0.300000,-0.269490,-0.006897,0.007132,0.928747,-0.127191,0.009923,0.038455,0.068018,-0.003327,0.229731,-0.180921,-0.068099,0.000000,0.072342,0.120000,0.000000,1.100000,0.000000,-0.157373,-0.120000,0.000000,1.100000,0.000000
0.310000,-0.282118,-0.006332,0.005872,0.886315,-0.138717,0.008635,0.050635,0.068839,-0.003163,0.228754,-0.182917,-0.068911,0.000000,0.080868,0.120000,0.000000,1.100000,0.000000,-0.166212,-0.120000,0.000000,1.100000,0.000000
0.320000,-0.291497,-0.006023,0.004992,0.835810,-0.144243,0.007824,0.063114,0.069403,-0.002972,0.227236,-0.184500,-0.069467,0.000000,0.089604,0.120000,0.000000,1.100000,0.000000,-0.172778,-0.120000,0.000000,1.100000,0.000000
0.330000,-0.298533,-0.005698,0.004184,0.779472,-0.146424,0.007070,0.076297,0.069814,-0.002705,0.224206,-0.185547,-0.069866,0.000000,0.098832,0.120000,0.000000,1.100000,0.000000,-0.177703,-0.120000,0.000000,1.100000,0.000000
0.340000,-0.302790,-0.005230,0.003373,0.716831,-0.144790,0.006225,0.089579,0.070171,-0.002396,0.220949,-0.186873,-0.070212,0.000000,0.108129,0.120000,0.000000,1.100000,0.000000,-0.180683,-0.120000,0.000000,1.100000,0.000000
0.350000,-0.305139,-0.004105,0.002307,0.650144,-0.140249,0.004710,0.104728,0.070590,-0.001953,0.213664,-0.186045,-0.070617,0.000000,0.118734,0.120000,0.000000,1.100000,0.000000,-0.182327,-0.120000,0.000000,1.100000,0.000000
0.360000,-0.305491,-0.002321,0.001125,0.580148,-0.132563,0.002580,0.119529,0.071225,-0.001544,0.206972,-0.185328,-0.071242,0.000000,0.129094,0.120000,0.000000,1.100000,0.000000,-0.182573,-0.120000,0.000000,1.100000,0.000000
0.370000,-0.304297,0.000003,0.000015,0.507929,-0.120384,0.000003,0.134646,0.072028,-0.001144,0.199453,-0.183600,-0.072037,0.000000,0.139676,0.120000,0.000000,1.100000,0.000000,-0.181738,-0.120000,0.000000,1.100000,0.000000
0.380000,-0.302040,0.002631,-0.000894,0.435038,-0.105457,-0.002778,0.149063,0.072951,-0.000822,0.193312,-0.182064,-0.072956,0.000000,0.149768,0.120000,0.000000,1.100000,0.000000,-0.180157,-0.120000,0.000000,1.100000,0.000000
0.390000,-0.300238,0.005366,-0.001496,0.365671,-0.090985,-0.005571,0.162762,0.073833,-0.000581,0.189062,-0.181210,-0.073835,0.000000,0.159358,0.120000,0.000000,1.100000,0.000000,-0.178896,-0.120000,0.000000,1.100000,0.000000
0.400000,-0.300466,0.007886,-0.001783,0.303983,-0.081601,-0.008086,0.176061,0.074574,-0.000405,0.186342,-0.180922,-0.074575,0.000000,0.168667,0.120000,0.000000,1.100000,0.000000,-0.179056,-0.120000,0.000000,1.100000,0.000000
0.410000,-0.306748,0.009778,-0.001729,0.260814,-0.085113,-0.009930,0.188878,0.075056,-0.000348,0.185444,-0.180822,-0.075057,0.000000,0.177639,0.120000,0.000000,1.100000,0.000000,-0.183453,-0.120000,0.000000,1.100000,0.000000
0.420000,-0.319686,0.010949,-0.001517,0.237464,-0.099752,-0.011054,0.201567,0.075224,-0.000382,0.185494,-0.180425,-0.075225,0.000000,0.186521,0.120000,0.000000,1.100000,0.000000,-0.192510,-0.120000,0.000000,1.100000,0.000000
0.430000,-0.339443,0.011462,-0.001286,0.235961,-0.124335,-0.011533,0.213665,0.074905,-0.000581,0.187497,-0.179747,-0.074907,0.000000,0.194990,0.120000,0.000000,1.100000,0.000000,-0.206340,-0.120000,0.000000,1.100000,0.000000
0.440000,-0.361377,0.011349,-0.001088,0.246036,-0.150503,-0.011401,0.225568,0.074039,-0.000911,0.190488,-0.178197,-0.074045,0.000000,0.203322,0.120000,0.000000,1.100000,0.000000,-0.221694,-0.120000,0.000000,1.100000,0.000000
0.450000,-0.382424,0.010409,-0.000909,0.262391,-0.175309,-0.010449,0.237389,0.072557,-0.001379,0.194116,-0.175134,-0.072571,0.000000,0.211596,0.120000,0.000000,1.100000,0.000000,-0.236426,-0.120000,0.000000,1.100000,0.000000
0.460000,-0.399265,0.008417,-0.000701,0.278491,-0.195512,-0.008446,0.249449,0.070406,-0.001951,0.197578,-0.169892,-0.070433,0.000000,0.220038,0.120000,0.000000,1.100000,0.000000,-0.248215,-0.120000,0.000000,1.100000,0.000000
0.470000,-0.409415,0.005592,-0.000449,0.289497,-0.209438,-0.005610,0.262043,0.067655,-0.002605,0.199982,-0.161530,-0.067706,0.000000,0.228854,0.120000,0.000000,1.100000,0.000000,-0.255320,-0.120000,0.000000,1.100000,0.000000
0.480000,-0.411377,0.002349,-0.000182,0.293355,-0.215514,-0.002357,0.274264,0.064341,-0.003397,0.203343,-0.150592,-0.064431,0.000000,0.237409,0.120000,0.000000,1.100000,0.000000,-0.256694,-0.120000,0.000000,1.100000,0.000000
0.490000,-0.404989,-0.001007,0.000074,0.288390,-0.214768,0.001009,0.285889,0.060659,-0.004306,0.207986,-0.137181,-0.060812,0.000000,0.245546,0.120000,0.000000,1.100000,0.000000,-0.252222,-0.120000,0.000000,1.100000,0.000000
0.500000,-0.390921,-0.004582,0.000320,0.276876,-0.206924,0.004593,0.295844,0.056621,-0.005370,0.216289,-0.121646,-0.056877,0.000000,0.252515,0.120000,0.000000,1.100000,0.000000,-0.242374,-0.120000,0.000000,1.100000,0.000000
0.510000,-0.371899,-0.008358,0.000572,0.261679,-0.193481,0.008377,0.304477,0.052390,-0.006515,0.227318,-0.103652,-0.052794,0.000000,0.258558,0.120000,0.000000,1.100000,0.000000,-0.229059,-0.120000,0.000000,1.100000,0.000000
0.520000,-0.356076,-0.012449,0.001066,0.257266,-0.172663,0.012495,0.310401,0.047979,-0.007765,0.243811,-0.083134,-0.048607,0.000000,0.262704,0.120000,0.000000,1.100000,0.000000,-0.217983,-0.120000,0.000000,1.100000,0.000000
0.530000,-0.346541,-0.016077,0.001917,0.263675,-0.145403,0.016191,0.313343,0.043418,-0.009084,0.265572,-0.059185,-0.044360,0.000000,0.264764,0.120000,0.000000,1.100000,0.000000,-0.211309,-0.120000,0.000000,1.100000,0.000000
0.540000,-0.342849,-0.018753,0.003048,0.279984,-0.119408,0.019001,0.312200,0.038652,-0.010417,0.294292,-0.030580,-0.040037,0.000000,0.263964,0.120000,0.000000,1.100000,0.000000,-0.208724,-0.120000,0.000000,1.100000,0.000000
0.550000,-0.340923,-0.020503,0.004193,0.300767,-0.099271,0.020928,0.306770,0.033540,-0.011609,0.329621,0.004292,-0.035499,0.000000,0.260163,0.120000,0.000000,1.100000,0.000000,-0.207376,-0.120000,0.000000,1.100000,0.000000
0.560000,-0.333176,-0.022052,0.005118,0.314350,-0.086448,0.022639,0.296804,0.028106,-0.012477,0.370960,0.047628,-0.030759,0.000000,0.253187,0.120000,0.000000,1.100000,0.000000,-0.201953,-0.120000,0.000000,1.100000,0.000000
0.570000,-0.320374,-0.023825,0.005990,0.320125,-0.073947,0.024566,0.282056,0.022617,-0.012825,0.417487,0.100056,-0.026013,0.000000,0.242863,0.120000,0.000000,1.100000,0.000000,-0.192992,-0.120000,0.000000,1.100000,0.000000
0.580000,-0.301669,-0.026059,0.006742,0.312996,-0.059899,0.026917,0.263775,0.017359,-0.012447,0.466402,0.156432,-0.021365,0.000000,0.230066,0.120000,0.000000,1.100000,0.000000,-0.179898,-0.120000,0.000000,1.100000,0.000000
0.590000,-0.280701,-0.028564,0.007271,0.299842,-0.050573,0.029474,0.242825,0.012803,-0.011265,0.517252,0.206648,-0.017061,0.000000,0.215401,0.120000,0.000000,1.100000,0.000000,-0.165220,-0.120000,0.000000,1.100000,0.000000
0.600000,-0.260312,-0.031400,0.007651,0.288062,-0.049129,0.032318,0.219646,0.009046,-0.009644,0.571088,0.246264,-0.013223,0.000000,0.199176,0.120000,0.000000,1.100000,0.000000,-0.150948,-0.120000,0.000000,1.100000,0.000000
0.610000,-0.242343,-0.034227,0.007891,0.282224,-0.055622,0.035125,0.193694,0.006326,-0.007976,0.629409,0.273055,-0.010184,0.000000,0.181010,0.120000,0.000000,1.100000,0.000000,-0.138369,-0.120000,0.000000,1.100000,0.000000
0.620000,-0.226123,-0.036953,0.008073,0.280335,-0.065321,0.037824,0.164886,0.004414,-0.006602,0.691081,0.290978,-0.007942,0.000000,0.160844,0.120000,0.000000,1.100000,0.000000,-0.127016,-0.120000,0.000000,1.100000,0.000000
0.630000,-0.209601,-0.039470,0.008104,0.277598,-0.075119,0.040294,0.133889,0.003240,-0.005596,0.752539,0.294419,-0.006468,0.000000,0.139146,0.120000,0.000000,1.100000,0.000000,-0.115450,-0.120000,0.000000,1.100000,0.000000
0.640000,-0.192287,-0.041869,0.007996,0.272852,-0.084209,0.042625,0.102142,0.002719,-0.005192,0.810708,0.277631,-0.005861,0.000000,0.116924,0.120000,0.000000,1.100000,0.000000,-0.103331,-0.120000,0.000000,1.100000,0.000000
0.650000,-0.174221,-0.043929,0.007720,0.266142,-0.092253,0.044602,0.070899,0.002942,-0.005813,0.863235,0.239031,-0.006515,0.000000,0.095053,0.120000,0.000000,1.100000,0.000000,-0.090684,-0.120000,0.000000,1.100000,0.000000
0.660000,-0.155701,-0.045677,0.007312,0.257997,-0.099341,0.046259,0.040257,0.003620,-0.007068,0.909601,0.188112,-0.007941,0.000000,0.073604,0.120000,0.000000,1.100000,0.000000,-0.077720,-0.120000,0.000000,1.100000,0.000000
0.670000,-0.137396,-0.047056,0.006804,0.249878,-0.106364,0.047546,0.010381,0.004356,-0.008291,0.948463,0.138698,-0.009366,0.000000,0.052691,0.120000,0.000000,1.100000,0.000000,-0.064906,-0.120000,0.000000,1.100000,0.000000
0.680000,-0.118790,-0.048339,0.006235,0.240387,-0.112174,0.048740,-0.018693,0.004665,-0.008633,0.978546,0.096906,-0.009813,0.000000,0.032339,0.120000,0.000000,1.100000,0.000000,-0.051882,-0.120000,0.000000,1.100000,0.000000
0.690000,-0.100281,-0.049462,0.005625,0.230619,-0.117475,0.049781,-0.045651,0.004811,-0.008638,0.999179,0.063475,-0.009888,0.000000,0.013468,0.120000,0.000000,1.100000,0.000000,-0.038926,-0.120000,0.000000,1.100000,0.000000
0.700000,-0.080813,-0.050756,0.004960,0.217905,-0.120543,0.050999,-0.070807,0.004660,-0.008063,1.011005,0.035629,-0.009313,0.000000,-0.004141,0.120000,0.000000,1.100000,0.000000,-0.025299,-0.120000,0.000000,1.100000,0.000000
0.710000,-0.060490,-0.052137,0.004227,0.202568,-0.121744,0.052308,-0.094449,0.004494,-0.007413,1.016371,0.009328,-0.008668,0.000000,-0.020690,0.120000,0.000000,1.100000,0.000000,-0.011073,-0.120000,0.000000,1.100000,0.000000
0.720000,-0.038549,-0.053911,0.003401,0.182505,-0.119499,0.054019,-0.117554,0.003986,-0.006238,1.015895,-0.014199,-0.007403,0.000000,-0.036864,0.120000,0.000000,1.100000,0.000000,0.004286,-0.120000,0.000000,1.100000,0.000000
0.730000,-0.017217,-0.055773,0.002577,0.163049,-0.116900,0.055833,-0.139296,0.003499,-0.005142,1.009694,-0.036816,-0.006220,0.000000,-0.052084,0.120000,0.000000,1.100000,0.000000,0.019218,-0.120000,0.000000,1.100000,0.000000
0.740000,0.002546,-0.057879,0.001796,0.146173,-0.115135,0.057907,-0.160532,0.002785,-0.003840,0.998374,-0.055850,-0.004744,0.000000,-0.066948,0.120000,0.000000,1.100000,0.000000,0.033053,-0.120000,0.000000,1.100000,0.000000
0.750000,0.019195,-0.060119,0.001153,0.135604,-0.116432,0.060131,-0.180775,0.002040,-0.002631,0.981748,-0.071615,-0.003329,0.000000,-0.081119,0.120000,0.000000,1.100000,0.000000,0.044707,-0.120000,0.000000,1.100000,0.000000
0.760000,0.032865,-0.062655,0.000654,0.131594,-0.121153,0.062658,-0.200217,0.001169,-0.001406,0.960376,-0.085246,-0.001829,0.000000,-0.094728,0.120000,0.000000,1.100000,0.000000,0.054276,-0.120000,0.000000,1.100000,0.000000
0.770000,0.045127,-0.065147,0.000235,0.130679,-0.127061,0.065147,-0.217872,0.000453,-0.000505,0.933355,-0.098280,-0.000678,0.000000,-0.107087,0.120000,0.000000,1.100000,0.000000,0.062860,-0.120000,0.000000,1.100000,0.000000
0.780000,0.057069,-0.067382,-0.000165,0.130618,-0.133064,0.067382,-0.233454,-0.000148,0.000147,0.900506,-0.111194,0.000208,0.000000,-0.117994,0.120000,0.000000,1.100000,0.000000,0.071219,-0.120000,0.000000,1.100000,0.000000
0.790000,0.068609,-0.069229,-0.000523,0.131360,-0.138895,0.069231,-0.247457,-0.000613,0.000558,0.862121,-0.120913,0.000829,0.000000,-0.127796,0.120000,0.000000,1.100000,0.000000,0.079297,-0.120000,0.000000,1.100000,0.000000
0.800000,0.079391,-0.070529,-0.000810,0.133636,-0.145101,0.070534,-0.259596,-0.000939,0.000776,0.818167,-0.127231,0.001218,0.000000,-0.136293,0.120000,0.000000,1.100000,0.000000,0.086844,-0.120000,0.000000,1.100000,0.000000
0.810000,0.090583,-0.071306,-0.001083,0.135172,-0.150332,0.071315,-0.269484,-0.001235,0.000916,0.768319,-0.129392,0.001537,0.000000,-0.143215,0.120000,0.000000,1.100000,0.000000,0.094679,-0.120000,0.000000,1.100000,0.000000
0.820000,0.103452,-0.071645,-0.001442,0.133133,-0.153225,0.071660,-0.277132,-0.001561,0.001032,0.713619,-0.129047,0.001871,0.000000,-0.148568,0.120000,0.000000,1.100000,0.000000,0.103687,-0.120000,0.000000,1.100000,0.000000
0.830000,0.118927,-0.071621,-0.001949,0.125780,-0.152936,0.071648,-0.282096,-0.002029,0.001177,0.653580,-0.126651,0.002346,0.000000,-0.152043,0.120000,0.000000,1.100000,0.000000,0.114519,-0.120000,0.000000,1.100000,0.000000
0.840000,0.135989,-0.071419,-0.002543,0.115268,-0.150800,0.071464,-0.285387,-0.002724,0.001373,0.591116,-0.122971,0.003051,0.000000,-0.154347,0.120000,0.000000,1.100000,0.000000,0.126462,-0.120000,0.000000,1.100000,0.000000
0.850000,0.156210,-0.071192,-0.003328,0.098100,-0.144730,0.071270,-0.286401,-0.003648,0.001575,0.524411,-0.115788,0.003974,0.000000,-0.155057,0.120000,0.000000,1.100000,0.000000,0.140617,-0.120000,0.000000,1.100000,0.000000
0.860000,0.179362,-0.071019,-0.004290,0.074328,-0.134555,0.071149,-0.285620,-0.004672,0.001701,0.455193,-0.105071,0.004973,0.000000,-0.154510,0.120000,0.000000,1.100000,0.000000,0.156824,-0.120000,0.000000,1.100000,0.000000
0.870000,0.208923,-0.070971,-0.005668,0.036088,-0.115648,0.071198,-0.283218,-0.005479,0.001655,0.383617,-0.089939,0.005724,0.000000,-0.152829,0.120000,0.000000,1.100000,0.000000,0.177517,-0.120000,0.000000,1.100000,0.000000
0.880000,0.237352,-0.071191,-0.006947,0.000143,-0.097254,0.071528,-0.282566,-0.005917,0.001458,0.318255,-0.076542,0.006095,0.000000,-0.152372,0.120000,0.000000,1.100000,0.000000,0.197417,-0.120000,0.000000,1.100000,0.000000
0.890000,0.249633,-0.071616,-0.007056,0.000000,-0.098037,0.071962,-0.284003,-0.005917,0.001155,0.260708,-0.068041,0.006029,0.000000,-0.153378,0.120000,0.000000,1.100000,0.000000,0.206013,-0.120000,0.000000,1.100000,0.000000
0.900000,0.262183,-0.072099,-0.007146,0.000000,-0.098617,0.072451,-0.291167,-0.005512,0.000838,0.220819,-0.070345,0.005576,0.000000,-0.158393,0.120000,0.000000,1.100000,0.000000,0.214798,-0.120000,0.000000,1.100000,0.000000
0.910000,0.274847,-0.072443,-0.007181,0.000000,-0.098633,0.072798,-0.305168,-0.004752,0.000561,0.201403,-0.083889,0.004786,0.000000,-0.168194,0.120000,0.000000,1.100000,0.000000,0.223664,-0.120000,0.000000,1.100000,0.000000
0.920000,0.287648,-0.072566,-0.007118,0.000000,-0.097609,0.072914,-0.328233,-0.003732,0.000367,0.208690,-0.110228,0.003750,0.000000,-0.184339,0.120000,0.000000,1.100000,0.000000,0.232624,-0.120000,0.000000,1.100000,0.000000
0.930000,0.300518,-0.072463,-0.006937,0.000000,-0.095274,0.072794,-0.355109,-0.002450,0.000219,0.230851,-0.141718,0.002460,0.000000,-0.203153,0.120000,0.000000,1.100000,0.000000,0.241633,-0.120000,0.000000,1.100000,0.000000
0.940000,0.313527,-0.072127,-0.006631,0.000000,-0.091519,0.072431,-0.380434,-0.000657,0.000057,0.257658,-0.172491,0.000659,0.000000,-0.220880,0.120000,0.000000,1.100000,0.000000,0.250740,-0.120000,0.000000,1.100000,0.000000
0.950000,0.326817,-0.071464,-0.006193,0.000000,-0.086286,0.071732,-0.399599,0.001901,-0.000159,0.279486,-0.196196,-0.001908,0.000000,-0.234295,0.120000,0.000000,1.100000,0.000000,0.260042,-0.120000,0.000000,1.100000,0.000000
0.960000,0.340222,-0.070453,-0.005604,0.000000,-0.079240,0.070675,-0.410426,0.005326,-0.000443,0.292592,-0.209599,-0.005345,0.000000,-0.241874,0.120000,0.000000,1.100000,0.000000,0.269426,-0.120000,0.000000,1.100000,0.000000
0.970000,0.353759,-0.069031,-0.004822,0.000003,-0.069599,0.069199,-0.411788,0.009320,-0.000776,0.295212,-0.212126,-0.009350,0.000000,-0.242828,0.120000,0.000000,1.100000,0.000000,0.278901,-0.120000,0.000000,1.100000,0.000000
0.980000,0.355503,-0.067319,-0.003052,0.026295,-0.071500,0.067389,-0.404946,0.013587,-0.001127,0.289281,-0.206516,-0.013633,0.000000,-0.238038,0.120000,0.000000,1.100000,0.000000,0.280123,-0.120000,0.000000,1.100000,0.000000
0.990000,0.351428,-0.065133,-0.000754,0.065696,-0.077135,0.065140,-0.390630,0.017979,-0.001476,0.276628,-0.194711,-0.018039,0.000000,-0.228017,0.120000,0.000000,1.100000,0.000000,0.277270,-0.120000,0.000000,1.100000,0.000000
